id,category,title,text
bbc_001,technology,Artificial Intelligence Transforms Healthcare Diagnosis,"Artificial intelligence is revolutionising healthcare by enabling faster and more accurate diagnosis of diseases. Machine learning algorithms can now detect cancer in medical images with accuracy that rivals experienced radiologists. Deep learning models trained on millions of X-rays and MRI scans are being deployed in hospitals across the United Kingdom. The technology promises to reduce waiting times and improve patient outcomes significantly. Researchers at Oxford University developed an AI system that identifies heart conditions from electrocardiogram data. The system achieved ninety-four percent accuracy in clinical trials. Doctors and medical professionals welcome the tool as a second opinion rather than a replacement. NHS trusts are piloting AI-powered diagnosis tools in over fifty hospitals this year. Patient data privacy remains a key concern as more health records are used to train these powerful models. Regulators are working to establish guidelines for AI use in medical decision making."
bbc_002,technology,Electric Vehicles Sales Surge Across Europe,"Electric vehicle sales have surged dramatically across Europe as governments introduce stricter emissions regulations and generous subsidies. The shift towards battery-powered cars is accelerating faster than analysts predicted just three years ago. Germany France and the United Kingdom lead the continent in new electric vehicle registrations. Major automobile manufacturers including Volkswagen BMW and Mercedes-Benz have announced massive investments in electric vehicle production. Charging infrastructure is expanding rapidly with thousands of new charging points installed monthly. However range anxiety and high purchase prices still deter many potential buyers from switching to electric. Battery technology improvements are gradually reducing costs making electric cars more affordable for average consumers. Environmental groups praise the transition away from petrol and diesel engines. The automotive industry predicts that electric vehicles will outsell combustion engine cars by the end of this decade."
bbc_003,politics,Parliament Debates New Climate Change Legislation,"Members of Parliament gathered yesterday to debate landmark climate change legislation that would commit the country to reaching net-zero carbon emissions by the year two thousand and forty. The bill has received cross-party support although disagreements remain over the pace and cost of the transition. Environmental campaigners gathered outside Westminster to urge politicians to adopt more ambitious targets. The Prime Minister insisted the government was already a world leader in tackling climate change. Opposition leaders argued that current policies were insufficient to meet international commitments made at the Paris Agreement. Scientists from leading universities submitted evidence to the parliamentary committee stressing the urgency of immediate action. Industry groups warned that overly aggressive carbon reduction targets could threaten jobs and economic competitiveness. The legislation is expected to pass its second reading next month following committee amendments. Local authorities would be given new powers to enforce environmental standards under the proposed framework."
bbc_004,politics,Government Announces Major Housing Reform Plan,"The government has unveiled a sweeping housing reform plan aimed at building three hundred thousand new homes per year to address the chronic shortage of affordable housing across the country. Planning regulations will be overhauled to speed up the approval process for new developments. Ministers claim the reforms will make home ownership accessible to younger generations who currently struggle with soaring property prices and rents. Critics argue that the plans do not go far enough to protect green belt land from development. Local councils will lose some of their power to block housing projects deemed nationally significant. Construction companies have welcomed the announcement saying it provides the certainty needed to invest in new building projects. Housing charities welcomed the commitment to affordable housing but demanded more details on social rent provisions. The opposition party accused the government of favoring developers over communities. Implementation of the reforms is expected to begin after parliament approves the planning bill."
bbc_005,sport,England Cricket Team Wins Ashes Series Against Australia,"England celebrated a historic Ashes victory against Australia at the Oval cricket ground on Tuesday ending a long drought of success in the prestigious test match series. The England team played outstanding cricket throughout the five match series displaying remarkable batting and bowling performances. Captain Ben Stokes led by brilliant example scoring two centuries and taking crucial wickets at key moments. The aggressive batting approach known as Bazball has transformed England into one of the most exciting test teams in world cricket. Australian players were visibly frustrated by England relentless positive play and intent to score quickly. Thousands of fans packed the ground waving flags and singing patriotic songs as England sealed the victory by seven wickets. The win sparked celebrations across the country with thousands gathering in Trafalgar Square. Cricket commentators praised the team mental strength and self-belief. The England Cricket Board confirmed that the coaching staff would receive contract extensions following the outstanding achievement."
bbc_006,sport,Premier League Transfer Window Brings Record Spending,"The summer transfer window in the Premier League shattered all previous spending records as clubs invested heavily in new players to strengthen their squads. Manchester City Arsenal Chelsea and Liverpool all made significant signings in a frantic few weeks of transfer activity. Foreign investors and wealthy owners continued to pump billions of pounds into English football clubs. Critics questioned whether such levels of spending were sustainable or beneficial for the sport in the long run. Young English talent struggled to find regular playing time as expensive foreign players filled squad places. The Football Association called for greater investment in youth development academies to nurture home-grown players. Transfer fees for top players reached astronomical figures with one midfielder changing clubs for a fee exceeding two hundred million pounds. Player wages also hit new highs with several stars earning more than five hundred thousand pounds per week. Smaller clubs warned that the financial gulf between elite and smaller Premier League clubs was becoming dangerously wide."
bbc_007,business,Bank of England Raises Interest Rates Amid Inflation Concerns,"The Bank of England raised interest rates for the twelfth consecutive time in an effort to bring stubbornly high inflation back to its two percent target. The decision by the Monetary Policy Committee was widely anticipated by financial markets and economic analysts. Higher borrowing costs are putting pressure on millions of homeowners with variable rate mortgages and those whose fixed rate deals are expiring. Consumer spending has slowed noticeably as households feel the squeeze from rising prices and higher mortgage payments. Business groups expressed concern that the continued interest rate rises could push the economy into recession. The Governor of the Bank of England acknowledged the pain being felt by ordinary people but insisted that controlling inflation was the priority. Energy prices food costs and wage growth have all contributed to the persistent inflationary pressures. Economists are divided over how much further interest rates need to rise before inflation is brought under control. The housing market has cooled significantly with property prices falling in many regions."
bbc_008,business,Tech Giants Face Antitrust Scrutiny in Europe,"Major technology companies including Google Apple Meta and Amazon are facing intensified antitrust scrutiny from European Union regulators who accuse them of abusing their dominant market positions. The Digital Markets Act introduced by the European Commission imposes strict new rules on how these technology giants can operate within European markets. Companies found to be in breach of the regulations face fines of up to ten percent of their global annual turnover. The technology companies argue that the regulations will stifle innovation and harm consumers by reducing the quality of free services. Smaller European technology startups broadly welcome the legislation saying it will create a fairer competitive environment. Privacy advocates have long campaigned for stronger regulation of how big technology companies collect and use personal data. The United States government is watching developments in Europe closely as it considers its own antitrust actions. Several landmark court cases are expected to test the limits of the new regulations over the coming years."
bbc_009,health,Scientists Develop Promising New Cancer Treatment,"British scientists have announced a breakthrough in cancer treatment using a novel immunotherapy approach that harnesses the body own immune system to attack tumour cells. The treatment has shown remarkable results in early clinical trials with some patients experiencing complete remission. Unlike traditional chemotherapy the new treatment has fewer severe side effects allowing patients to maintain a better quality of life during treatment. The research team at Cambridge University spent over a decade developing and refining the therapy before human trials began. Funding from cancer charities and the National Health Service made the research possible. Oncologists around the world have expressed excitement about the potential of the new treatment approach. Further trials involving larger patient groups are now underway to confirm the initial promising results. Regulatory approval could be granted within three years if ongoing trials continue to show positive outcomes. The discovery represents one of the most significant advances in oncology in recent decades."
bbc_010,health,Mental Health Crisis Among Young People Worsens,"A growing mental health crisis among young people is overwhelming NHS services with waiting times for specialist treatment reaching record levels. Rates of anxiety depression and eating disorders among teenagers and young adults have risen sharply in recent years. Mental health charities and medical professionals blame social media pressure academic stress and economic uncertainty for the deteriorating wellbeing of young people. Child and adolescent mental health services are chronically underfunded and understaffed according to a damning parliamentary report published this week. Parents are being turned away and told their children do not meet the threshold for treatment despite obvious signs of serious distress. The government has pledged additional funding to expand mental health provision in schools and communities. Critics argue that the promised investment is wholly inadequate given the scale of the crisis. Young people advocates demand that mental health be given equal priority to physical health in NHS planning and resource allocation. Schools are being asked to play a greater role in identifying and supporting students struggling with mental health problems."
bbc_011,technology,Cybersecurity Threats Rise as Remote Working Becomes Permanent,"Cybersecurity experts are warning businesses of an unprecedented rise in digital attacks as remote and hybrid working becomes a permanent feature of modern employment. Hackers are exploiting vulnerabilities in home networks and personal devices used by employees working outside traditional office environments. Ransomware attacks on businesses and public sector organisations have increased by over three hundred percent in the past two years. Many small and medium enterprises lack the resources and expertise to protect themselves adequately against sophisticated cyber threats. The National Cyber Security Centre has issued guidance urging organisations to update their security protocols and invest in employee training. Financial losses from cybercrime now exceed billions of pounds annually in the United Kingdom alone. Insurance companies are tightening the terms of cyber insurance policies in response to the mounting claims. Government ministers have promised new legislation to strengthen national cyber defences and hold companies accountable for poor security practices. Cloud computing providers are developing more sophisticated tools to detect and neutralise threats in real time."
bbc_012,environment,Arctic Ice Sheet Reaches Record Low Levels,"Scientists monitoring the Arctic have recorded the lowest levels of sea ice since measurements began over forty years ago in a stark warning about the accelerating pace of climate change. The rapid melting of Arctic ice is disrupting weather patterns across the northern hemisphere and threatening ecosystems that depend on frozen landscapes. Polar bears walruses and other Arctic species face an increasingly uncertain future as their habitat disappears at an alarming rate. Rising sea levels caused by melting ice sheets pose an existential threat to low-lying coastal communities around the world. International climate scientists are calling for immediate and dramatic reductions in greenhouse gas emissions to slow the rate of Arctic warming. Indigenous communities in the Arctic regions are already experiencing profound disruptions to their traditional ways of life. New shipping routes are opening as ice retreats which has significant geopolitical implications for Arctic nations including Russia Canada and Norway. The findings underscore the urgent need for global cooperation on climate action."
bbc_013,environment,Rewilding Projects Restore British Countryside,"Ambitious rewilding projects are transforming large areas of the British countryside by reintroducing native species and restoring natural ecosystems that were lost centuries ago. Beavers wolves lynx and white-tailed eagles are being carefully reintroduced to selected regions where conditions are suitable for their survival. The rewilding movement has gained significant momentum among conservationists landowners and the general public in recent years. Studies show that rewilded landscapes provide important benefits including flood prevention carbon storage and biodiversity enhancement. Farmers in adjacent areas have expressed concerns about predators threatening their livestock and livelihoods. Compensation schemes and protective measures are being developed to address farmer concerns and build rural support for rewilding initiatives. Tourism operators report increased interest from visitors wanting to experience wild nature in Britain. Conservation charities are purchasing land specifically for rewilding purposes having raised substantial funds from public donations."
bbc_014,education,Universities Face Funding Crisis as Student Numbers Fall,"British universities are facing a severe financial crisis as declining student numbers and frozen tuition fees squeeze their budgets to breaking point. Several institutions have announced significant job cuts and the closure of academic departments in response to mounting deficits. The freeze on domestic tuition fees at nine thousand two hundred and fifty pounds per year has not kept pace with rising costs and inflation. International student recruitment has become increasingly important to university finances but new visa restrictions have dampened numbers. Academic staff unions have warned that cuts to teaching and research will damage the reputation of British higher education globally. University leaders are lobbying the government to allow a modest increase in tuition fees to secure the long-term viability of the sector. Student groups oppose any fee increase arguing that young people already graduate with unsustainable levels of debt. The government has commissioned an independent review of higher education funding that is expected to report its findings before the end of the academic year."
bbc_015,education,Digital Literacy Skills Gap Threatens Workforce,"A significant skills gap in digital literacy is threatening the competitiveness of the British workforce as employers increasingly demand advanced technology skills from job applicants. Research by the Confederation of British Industry found that over half of businesses struggled to recruit candidates with adequate digital skills in the past year. Schools and colleges are being urged to prioritise coding artificial intelligence and data analysis in their curricula. The government has launched several initiatives to promote digital skills training for adults seeking to retrain for new careers. Technology companies are partnering with educational institutions to develop relevant courses that match employer needs. Women and older workers are disproportionately affected by the digital skills gap according to the research findings. Investment in digital infrastructure in rural and deprived areas is also needed to ensure equitable access to online learning opportunities. The rapid advancement of artificial intelligence and automation means that many current jobs will be transformed or eliminated within the next decade requiring workers to continually update their skills."
bbc_016,business,Retail Sector Struggles as Online Shopping Dominates,"High street retailers are continuing to struggle as the shift towards online shopping accelerates following the pandemic years. Thousands of shop closures have left town centres across Britain with significant numbers of empty units creating a bleak landscape in many communities. Department stores that were once the anchor of busy shopping districts have been particularly hard hit by changing consumer habits. Commercial landlords are being forced to convert retail properties into housing offices and leisure facilities to find new uses for vacant space. Retail employment has fallen sharply with many former shop workers needing to retrain for jobs in logistics warehousing and technology. Some physical retailers are successfully adapting by creating immersive shopping experiences that cannot be replicated online. Independent local shops and markets are showing surprising resilience as consumers seek authentic and personal shopping experiences. Local councils are experimenting with market stalls pop-up events and community spaces to breathe new life into declining town centres."
bbc_017,sport,Wimbledon Tennis Tournament Breaks Attendance Records,"This year Wimbledon Championships attracted record numbers of spectators making it the most attended edition of the prestigious grass court tennis tournament in its long history. Fans camped overnight on the famous queue to secure tickets for the most coveted matches on Centre Court. British players reached the second week of the tournament for the first time in many years delighting home supporters and boosting national interest. The quality of tennis on display was universally praised by commentators and former champions attending the event. New roof technology allowed play to continue during the unpredictable British summer weather. Strawberries and cream sales reached record levels with tournament caterers struggling to meet demand. The All England Club announced plans to expand the venue to accommodate even larger crowds in future years. Broadcasting rights deals ensured global television audiences of hundreds of millions could follow the action. Prize money was increased substantially with the champion in each singles draw receiving over three million pounds."
bbc_018,technology,Quantum Computing Milestone Achieved by Research Team,"A team of physicists and computer scientists at a leading British university has achieved a significant milestone in quantum computing by demonstrating a stable quantum processor capable of performing calculations impossible for conventional computers. The breakthrough brings the promise of practical quantum computing significantly closer to reality. Quantum computers could revolutionise fields including drug discovery materials science cryptography and financial modelling. The research was funded by a combination of government grants and private investment from major technology companies. Maintaining quantum coherence at room temperature has been one of the greatest technical challenges in the field and the new approach makes important progress toward this goal. Technology companies including IBM Google and several European startups are racing to achieve quantum advantage in commercially relevant applications. The potential implications for data encryption and cybersecurity are profound as quantum computers could render current encryption methods obsolete. International collaboration is considered essential for making the rapid advances needed in quantum research."
bbc_019,health,NHS Waiting Lists Hit New Record High,"The National Health Service is grappling with record waiting lists that have swelled to over seven million patients awaiting treatment in England alone. The backlog built up during the pandemic years has proved extremely difficult to clear despite significant government investment and extra clinical sessions. Patients waiting for hip replacements knee operations and cancer screening are experiencing the longest waits. Staff shortages across nursing medicine and allied health professions are hampering efforts to increase treatment capacity. The government has set a target to eliminate waits of over a year but progress has been slower than promised. Private hospital capacity is being used to supplement NHS services but critics argue this diverts resources from the public sector. International recruitment of doctors and nurses has provided some relief but language and qualification recognition barriers remain significant. Unions are warning that staff burnout and low morale threaten to exacerbate the crisis unless pay and working conditions are improved substantially."
bbc_020,environment,Renewable Energy Capacity Surpasses Fossil Fuels in UK,"The United Kingdom has reached a landmark moment in its energy transition with renewable energy capacity now exceeding that of fossil fuel power stations for the first time. Offshore wind farms solar panels and hydroelectric installations collectively produce more electricity than coal gas and oil plants. The achievement represents decades of investment and policy commitment to clean energy development. Scotland leads the country in renewable energy production regularly generating more electricity from wind than it consumes. Energy storage technology including large scale batteries is becoming increasingly important to manage the intermittent nature of wind and solar power generation. Thousands of jobs have been created in the renewable energy sector particularly in coastal communities hosting offshore wind projects. Consumer electricity bills remain higher than desired partly due to the infrastructure investment costs involved in transitioning the energy system. The government aims to achieve fully clean electricity generation by the end of the decade which would require further expansion of renewable capacity and grid infrastructure."
